ID,Prediction
300351389-1,NONE
300351389-2,NONE
300351389-3,公告日:平成３０年１月１８日
300351389-4,NONE
300351389-5,NONE
300351389-6,NONE
300351389-7,NONE
300351389-8,入札件名:むつ小川原国家石油備蓄基地電力購入（平成３０年度）
300351389-9,NONE
300351389-10,NONE
300351389-11,NONE
300351389-12,NONE
300351389-13,NONE
300351389-14,NONE
300351389-15,NONE
300351389-16,NONE
300351389-17,NONE
300351389-18,NONE
300351389-19,NONE
300351389-20,NONE
300351389-21,NONE
300351389-22,NONE
300351389-23,調達年度:平成３０年 調達開始日:平成３０年４月１日 調達終了日:平成３１年３月３１日
300351389-24,NONE
300351389-25,NONE
300351389-26,NONE
300351389-27,NONE
300351389-28,都道府県:青森県 需要場所(住所):青森県上北郡六ヶ所村大字尾駮字二又５２５番地２
300351389-29,施設名:むつ小川原国家石油備蓄基地
300351389-30,NONE
300351389-31,NONE
300351389-32,NONE
300351389-33,NONE
300351389-34,NONE
300351389-35,NONE
300351389-36,NONE
300351389-37,NONE
300351389-38,NONE
300351389-39,NONE
300351389-40,NONE
300351389-41,NONE
300351389-42,NONE
300351389-43,NONE
300351389-44,NONE
300351389-45,NONE
300351389-46,NONE
300351389-47,NONE
300351389-48,NONE
300351389-49,NONE
300351389-50,NONE
300351389-51,NONE
300351389-52,NONE
300351389-53,NONE
300351389-54,NONE
300351389-55,NONE
300351389-56,NONE
300351389-57,NONE
300351389-58,NONE
300351389-59,NONE
300351389-60,NONE
300351389-61,NONE
300351389-62,NONE
300351389-63,NONE
300351389-64,NONE
300351389-65,NONE
300351389-66,NONE
300351389-67,NONE
300351389-68,NONE
300351389-69,NONE
300351389-70,NONE
300351389-71,NONE
300351389-72,NONE
300351389-73,NONE
300351389-74,NONE
300351389-75,NONE
300351389-76,NONE
300351389-77,質問箇所所属/担当者:〒105-0001東京都港区虎ノ門二丁目１０番１号 資格申請送付先:〒105-0001東京都港区虎ノ門二丁目１０番１号 入札書送付先:〒105-0001東京都港区虎ノ門二丁目１０番１号
300351389-78,質問箇所所属/担当者:独立行政法人石油天然ガス・金属鉱物資源機構 資格申請送付先部署/担当者名:独立行政法人石油天然ガス・金属鉱物資源機構 入札書送付先部署/担当者名:独立行政法人石油天然ガス・金属鉱物資源機構
300351389-79,質問箇所所属/担当者:石油備蓄部基地管理課若田健次 資格申請送付先部署/担当者名:石油備蓄部基地管理課若田健次 入札書送付先部署/担当者名:石油備蓄部基地管理課若田健次
300351389-80,質問箇所TEL/FAX:（電話）０３－６７５８－８５１７
300351389-81,質問箇所TEL/FAX:（ＦＡＸ）０３－６７５８－８０６４
300351389-82,NONE
300351389-83,NONE
300351389-84,NONE
300351389-85,NONE
300351389-86,NONE
300351389-87,資格申請締切日時:平成３０年２月５日（月）１２時
300351389-88,仕様書交付期限:平成３０年２月６日（火）
300351389-89,NONE
300351389-90,開札日時:平成３０年２月８日（木）１１時００分
300351389-91,開札場所:東京都港区虎ノ門二丁目１０番１号虎ノ門ツインビルディング
300351389-92,開札場所:独立行政法人石油天然ガス・金属鉱物資源機構１３階会議室
300351389-93,NONE
300351389-94,NONE
300351389-95,NONE
300351389-96,NONE
300351389-97,NONE
300351389-98,NONE
300351389-99,NONE
300351389-100,NONE
300351389-101,NONE
300351389-102,NONE
300351389-103,NONE
300351389-104,NONE
300351389-105,NONE
300351389-106,NONE
300351389-107,NONE
300351389-108,NONE
300351389-109,NONE
300351389-110,NONE
300351389-111,NONE
300351389-112,NONE
300351389-113,NONE
300351389-114,NONE
300351389-115,NONE
300351389-116,NONE
300351389-117,NONE
300351389-118,NONE
300351389-119,NONE
300351389-120,NONE
300351389-121,NONE
300351389-122,NONE
300351389-123,NONE
300351389-124,NONE
300351389-125,NONE
300351389-126,NONE
300351389-127,NONE
300351389-128,NONE
300351389-129,NONE
300351389-130,NONE
300351389-131,NONE
300351389-132,NONE
300351389-133,NONE
300351389-134,NONE
300351389-135,NONE
300351389-136,NONE
300351389-137,NONE
300351389-138,NONE
300351389-139,NONE
300351389-140,NONE
300351389-141,NONE
300351389-142,NONE
300351389-143,NONE
300351389-144,NONE
300351389-145,NONE
300351389-146,NONE
300351389-147,NONE
300351389-148,NONE
300351389-149,NONE
300351389-150,NONE
300351407-1,NONE
300351407-2,NONE
300351407-3,公告日:平成３０年１月１８日
300351407-4,NONE
300351407-5,NONE
300351407-6,NONE
300351407-7,NONE
300351407-8,入札件名:白島国家石油備蓄基地（本土側事務所及び白島展示館）
300351407-9,入札件名:高圧電力購入（平成３０年度）
300351407-10,NONE
300351407-11,NONE
300351407-12,調達年度:平成３０年 調達開始日:平成３０年４月１日 調達終了日:平成３１年３月３１日
300351407-13,需要場所(住所):福岡県北九州市若松区響町一丁目１０８番
300351407-14,施設名:白島国家石油備蓄基地（本土側事務所及び白島展示館）
300351407-15,NONE
300351407-16,NONE
300351407-17,NONE
300351407-18,NONE
300351407-19,NONE
300351407-20,NONE
300351407-21,NONE
300351407-22,NONE
300351407-23,NONE
300351407-24,NONE
300351407-25,NONE
300351407-26,NONE
300351407-27,NONE
300351407-28,NONE
300351407-29,NONE
300351407-30,NONE
300351407-31,NONE
300351407-32,NONE
300351407-33,NONE
300351407-34,NONE
300351407-35,NONE
300351407-36,NONE
300351407-37,NONE
300351407-38,NONE
300351407-39,NONE
300351407-40,NONE
300351407-41,NONE
300351407-42,NONE
300351407-43,NONE
300351407-44,NONE
300351407-45,NONE
300351407-46,NONE
300351407-47,NONE
300351407-48,質問箇所所属/担当者:〒105-0001東京都港区虎ノ門二丁目１０番１号 資格申請送付先:〒105-0001東京都港区虎ノ門二丁目１０番１号 入札書送付先:〒105-0001東京都港区虎ノ門二丁目１０番１号
300351407-49,質問箇所所属/担当者:独立行政法人石油天然ガス・金属鉱物資源機構 資格申請送付先部署/担当者名:独立行政法人石油天然ガス・金属鉱物資源機構 入札書送付先部署/担当者名:独立行政法人石油天然ガス・金属鉱物資源機構
300351407-50,質問箇所所属/担当者:石油備蓄部基地管理課若田健次 資格申請送付先部署/担当者名:石油備蓄部基地管理課若田健次 入札書送付先部署/担当者名:石油備蓄部基地管理課若田健次
300351407-51,質問箇所TEL/FAX:（電話）０３－６７５８－８５１７
300351407-52,質問箇所TEL/FAX:（ＦＡＸ）０３－６７５８－８０６４
300351407-53,NONE
300351407-54,NONE
300351407-55,NONE
300351407-56,NONE
300351407-57,NONE
300351407-58,資格申請締切日時:平成３０年２月５日（月）１２時
300351407-59,仕様書交付期限:平成３０年２月６日（火）
300351407-60,NONE
300351407-61,開札日時:平成３０年２月８日（木）１５時１０分
300351407-62,開札場所:東京都港区虎ノ門二丁目１０番１号虎ノ門ツインビルディング
300351407-63,開札場所:独立行政法人石油天然ガス・金属鉱物資源機構１３階会議室
300351407-64,NONE
300351407-65,NONE
300351407-66,NONE
300351407-67,NONE
300351407-68,NONE
300351407-69,NONE
300351407-70,NONE
300351407-71,NONE
300351407-72,NONE
300351407-73,NONE
300351407-74,NONE
300351407-75,NONE
300351407-76,NONE
300351407-77,NONE
300351407-78,NONE
300351407-79,NONE
300351407-80,NONE
300351407-81,NONE
300351407-82,NONE
300351407-83,NONE
300351407-84,NONE
300351407-85,NONE
300351407-86,NONE
300351407-87,NONE
300351407-88,NONE
300351407-89,NONE
300351407-90,NONE
300351407-91,NONE
300351407-92,NONE
300351407-93,NONE
300351407-94,NONE
300351407-95,NONE
300351407-96,NONE
300351407-97,NONE
300351407-98,NONE
300351407-99,NONE
300351407-100,NONE
300351407-101,NONE
300351407-102,NONE
300351407-103,NONE
300351407-104,NONE
300351407-105,NONE
300351407-106,NONE
300351407-107,NONE
300351407-108,NONE
300351407-109,NONE
300351407-110,NONE
300351407-111,NONE
300351407-112,NONE
300351407-113,NONE
300351407-114,NONE
300351407-115,NONE
300351407-116,NONE
300351407-117,NONE
300351407-118,NONE
300351407-119,NONE
300351407-120,NONE
300351410-1,NONE
300351410-2,NONE
300351410-3,公告日:平成３０年１月１８日
300351410-4,NONE
300351410-5,NONE
300351410-6,NONE
300351410-7,NONE
300351410-8,入札件名:上五島国家石油備蓄基地高圧電力購入（平成３０年度）
300351410-9,NONE
300351410-10,NONE
300351410-11,調達年度:平成３０年 調達開始日:平成３０年４月１日 調達終了日:平成３１年３月３１日
300351410-12,都道府県:長崎県 需要場所(住所):長崎県南松浦郡新上五島町続浜ノ浦郷字折島８１８番４１１
300351410-13,施設名:上五島国家石油備蓄基地
300351410-14,NONE
300351410-15,NONE
300351410-16,NONE
300351410-17,NONE
300351410-18,NONE
300351410-19,NONE
300351410-20,NONE
300351410-21,NONE
300351410-22,NONE
300351410-23,NONE
300351410-24,NONE
300351410-25,NONE
300351410-26,NONE
300351410-27,NONE
300351410-28,NONE
300351410-29,NONE
300351410-30,NONE
300351410-31,NONE
300351410-32,NONE
300351410-33,NONE
300351410-34,NONE
300351410-35,NONE
300351410-36,NONE
300351410-37,NONE
300351410-38,NONE
300351410-39,NONE
300351410-40,NONE
300351410-41,NONE
300351410-42,NONE
300351410-43,NONE
300351410-44,NONE
300351410-45,NONE
300351410-46,NONE
300351410-47,質問箇所所属/担当者:〒105-0001東京都港区虎ノ門二丁目１０番１号 資格申請送付先:〒105-0001東京都港区虎ノ門二丁目１０番１号 入札書送付先:〒105-0001東京都港区虎ノ門二丁目１０番１号
300351410-48,質問箇所所属/担当者:独立行政法人石油天然ガス・金属鉱物資源機構 資格申請送付先部署/担当者名:独立行政法人石油天然ガス・金属鉱物資源機構 入札書送付先部署/担当者名:独立行政法人石油天然ガス・金属鉱物資源機構
300351410-49,質問箇所所属/担当者:石油備蓄部基地管理課三谷守俊 資格申請送付先部署/担当者名:石油備蓄部基地管理課三谷守俊 入札書送付先部署/担当者名:石油備蓄部基地管理課三谷守俊
300351410-50,質問箇所TEL/FAX:（電話）０３－６７５８－８５６２
300351410-51,質問箇所TEL/FAX:（ＦＡＸ）０３－６７５８－８０６４
300351410-52,NONE
300351410-53,NONE
300351410-54,NONE
300351410-55,NONE
300351410-56,NONE
300351410-57,資格申請締切日時:平成３０年２月５日（月）１２時
300351410-58,仕様書交付期限:平成３０年２月６日（火）
300351410-59,NONE
300351410-60,開札日時:平成３０年２月８日（木）１４時５０分
300351410-61,開札場所:東京都港区虎ノ門二丁目１０番１号虎ノ門ツインビルディング
300351410-62,開札場所:独立行政法人石油天然ガス・金属鉱物資源機構１３階会議室
300351410-63,NONE
300351410-64,NONE
300351410-65,NONE
300351410-66,NONE
300351410-67,NONE
300351410-68,NONE
300351410-69,NONE
300351410-70,NONE
300351410-71,NONE
300351410-72,NONE
300351410-73,NONE
300351410-74,NONE
300351410-75,NONE
300351410-76,NONE
300351410-77,NONE
300351410-78,NONE
300351410-79,NONE
300351410-80,NONE
300351410-81,NONE
300351410-82,NONE
300351410-83,NONE
300351410-84,NONE
300351410-85,NONE
300351410-86,NONE
300351410-87,NONE
300351410-88,NONE
300351410-89,NONE
300351410-90,NONE
300351410-91,NONE
300351410-92,NONE
300351410-93,NONE
300351410-94,NONE
300351410-95,NONE
300351410-96,NONE
300351410-97,NONE
300351410-98,NONE
300351410-99,NONE
300351410-100,NONE
300351410-101,NONE
300351410-102,NONE
300351410-103,NONE
300351410-104,NONE
300351410-105,NONE
300351410-106,NONE
300351410-107,NONE
300351410-108,NONE
300351410-109,NONE
300351410-110,NONE
300351410-111,NONE
300351410-112,NONE
300351410-113,NONE
300351410-114,NONE
300351410-115,NONE
300351410-116,NONE
300351410-117,NONE
300351410-118,NONE
300351410-119,NONE
300351410-120,NONE
300351410-121,NONE
300359885-1,NONE
300359885-2,NONE
300359885-3,公告日:平成３１年１月１８日
300359885-4,NONE
300359885-5,NONE
300359885-6,NONE
300359885-7,NONE
300359885-8,入札件名:苫小牧東部国家石油備蓄基地特別高圧電力購入（平成３１年度）
300359885-9,NONE
300359885-10,NONE
300359885-11,調達年度:平成３１年 調達開始日:平成３１年４月１日 調達終了日:平成３２年３月３１日
300359885-12,都道府県:北海道 需要場所(住所):北海道苫小牧市字静川３０８番地
300359885-13,施設名:苫小牧東部国家石油備蓄基地
300359885-14,NONE
300359885-15,NONE
300359885-16,NONE
300359885-17,NONE
300359885-18,NONE
300359885-19,NONE
300359885-20,NONE
300359885-21,NONE
300359885-22,NONE
300359885-23,NONE
300359885-24,NONE
300359885-25,NONE
300359885-26,NONE
300359885-27,NONE
300359885-28,NONE
300359885-29,NONE
300359885-30,NONE
300359885-31,NONE
300359885-32,NONE
300359885-33,NONE
300359885-34,NONE
300359885-35,NONE
300359885-36,NONE
300359885-37,NONE
300359885-38,NONE
300359885-39,NONE
300359885-40,NONE
300359885-41,NONE
300359885-42,NONE
300359885-43,NONE
300359885-44,NONE
300359885-45,NONE
300359885-46,NONE
300359885-47,質問箇所所属/担当者:〒105-0001東京都港区虎ノ門二丁目１０番１号 資格申請送付先:〒105-0001東京都港区虎ノ門二丁目１０番１号 入札書送付先:〒105-0001東京都港区虎ノ門二丁目１０番１号
300359885-48,質問箇所所属/担当者:独立行政法人石油天然ガス・金属鉱物資源機構 資格申請送付先部署/担当者名:独立行政法人石油天然ガス・金属鉱物資源機構 入札書送付先部署/担当者名:独立行政法人石油天然ガス・金属鉱物資源機構
300359885-49,質問箇所所属/担当者:石油・石油ガス備蓄部石油基地管理課重森仁美 資格申請送付先部署/担当者名:石油・石油ガス備蓄部石油基地管理課重森仁美 入札書送付先部署/担当者名:石油・石油ガス備蓄部石油基地管理課重森仁美
300359885-50,質問箇所TEL/FAX:（電話）０３－６７５８－８１１３
300359885-51,質問箇所TEL/FAX:（ＦＡＸ）０３－６７５８－８０６４
300359885-52,NONE
300359885-53,NONE
300359885-54,NONE
300359885-55,NONE
300359885-56,NONE
300359885-57,資格申請締切日時:平成３１年２月４日（月）１２時
300359885-58,仕様書交付期限:平成３１年２月５日（火）
300359885-59,NONE
300359885-60,開札日時:平成３１年２月７日（木）１０時００分
300359885-61,開札場所:東京都港区虎ノ門二丁目１０番１号虎ノ門ツインビルディング
300359885-62,開札場所:独立行政法人石油天然ガス・金属鉱物資源機構１３階会議室
300359885-63,NONE
300359885-64,NONE
300359885-65,NONE
300359885-66,NONE
300359885-67,NONE
300359885-68,NONE
300359885-69,NONE
300359885-70,NONE
300359885-71,NONE
300359885-72,NONE
300359885-73,NONE
300359885-74,NONE
300359885-75,NONE
300359885-76,NONE
300359885-77,NONE
300359885-78,NONE
300359885-79,NONE
300359885-80,NONE
300359885-81,NONE
300359885-82,NONE
300359885-83,NONE
300359885-84,NONE
300359885-85,NONE
300359885-86,NONE
300359885-87,NONE
300359885-88,NONE
300359885-89,NONE
300359885-90,NONE
300359885-91,NONE
300359885-92,NONE
300359885-93,NONE
300359885-94,NONE
300359885-95,NONE
300359885-96,NONE
300359885-97,NONE
300359885-98,NONE
300359885-99,NONE
300359885-100,NONE
300359885-101,NONE
300359885-102,NONE
300359885-103,NONE
300359885-104,NONE
300359885-105,NONE
300359885-106,NONE
300359885-107,NONE
300359885-108,NONE
300359885-109,NONE
300359885-110,NONE
300359885-111,NONE
300359885-112,NONE
300359885-113,NONE
300359885-114,NONE
300359885-115,NONE
300359885-116,NONE
300359885-117,NONE
300359900-1,NONE
300359900-2,NONE
300359900-3,公告日:平成３１年１月１８日
300359900-4,NONE
300359900-5,NONE
300359900-6,NONE
300359900-7,NONE
300359900-8,入札件名:菊間国家石油備蓄基地特別高圧電力購入（平成３１年度）
300359900-9,NONE
300359900-10,NONE
300359900-11,調達年度:平成３１年 調達開始日:平成３１年４月１日 調達終了日:平成３２年３月３１日
300359900-12,都道府県:愛媛県 需要場所(住所):愛媛県今治市菊間町種４６４２番地１
300359900-13,施設名:菊間国家石油備蓄基地
300359900-14,NONE
300359900-15,NONE
300359900-16,NONE
300359900-17,NONE
300359900-18,NONE
300359900-19,NONE
300359900-20,NONE
300359900-21,NONE
300359900-22,NONE
300359900-23,NONE
300359900-24,NONE
300359900-25,NONE
300359900-26,NONE
300359900-27,NONE
300359900-28,NONE
300359900-29,NONE
300359900-30,NONE
300359900-31,NONE
300359900-32,NONE
300359900-33,NONE
300359900-34,NONE
300359900-35,NONE
300359900-36,NONE
300359900-37,NONE
300359900-38,NONE
300359900-39,NONE
300359900-40,NONE
300359900-41,NONE
300359900-42,NONE
300359900-43,NONE
300359900-44,NONE
300359900-45,NONE
300359900-46,NONE
300359900-47,質問箇所所属/担当者:〒105-0001東京都港区虎ノ門二丁目１０番１号 資格申請送付先:〒105-0001東京都港区虎ノ門二丁目１０番１号 入札書送付先:〒105-0001東京都港区虎ノ門二丁目１０番１号
300359900-48,質問箇所所属/担当者:独立行政法人石油天然ガス・金属鉱物資源機構 資格申請送付先部署/担当者名:独立行政法人石油天然ガス・金属鉱物資源機構 入札書送付先部署/担当者名:独立行政法人石油天然ガス・金属鉱物資源機構
300359900-49,質問箇所所属/担当者:石油・石油ガス備蓄部石油基地管理課秦佐和子 資格申請送付先部署/担当者名:石油・石油ガス備蓄部石油基地管理課秦佐和子 入札書送付先部署/担当者名:石油・石油ガス備蓄部石油基地管理課秦佐和子
300359900-50,質問箇所TEL/FAX:（電話）０３－６７５８－８２１９
300359900-51,質問箇所TEL/FAX:（ＦＡＸ）０３－６７５８－８０６４
300359900-52,NONE
300359900-53,NONE
300359900-54,NONE
300359900-55,NONE
300359900-56,NONE
300359900-57,資格申請締切日時:平成３１年２月４日（月）１２時
300359900-58,仕様書交付期限:平成３１年２月５日（火）
300359900-59,NONE
300359900-60,開札日時:平成３１年２月７日（木）１０時２０分
300359900-61,開札場所:東京都港区虎ノ門二丁目１０番１号虎ノ門ツインビルディング
300359900-62,開札場所:独立行政法人石油天然ガス・金属鉱物資源機構１３階会議室
300359900-63,NONE
300359900-64,NONE
300359900-65,NONE
300359900-66,NONE
300359900-67,NONE
300359900-68,NONE
300359900-69,NONE
300359900-70,NONE
300359900-71,NONE
300359900-72,NONE
300359900-73,NONE
300359900-74,NONE
300359900-75,NONE
300359900-76,NONE
300359900-77,NONE
300359900-78,NONE
300359900-79,NONE
300359900-80,NONE
300359900-81,NONE
300359900-82,NONE
300359900-83,NONE
300359900-84,NONE
300359900-85,NONE
300359900-86,NONE
300359900-87,NONE
300359900-88,NONE
300359900-89,NONE
300359900-90,NONE
300359900-91,NONE
300359900-92,NONE
300359900-93,NONE
300359900-94,NONE
300359900-95,NONE
300359900-96,NONE
300359900-97,NONE
300359900-98,NONE
300359900-99,NONE
300359900-100,NONE
300359900-101,NONE
300359900-102,NONE
300359900-103,NONE
300359900-104,NONE
300359900-105,NONE
300359900-106,NONE
300359900-107,NONE
300359900-108,NONE
300359900-109,NONE
300359900-110,NONE
300359900-111,NONE
300359900-112,NONE
300359900-113,NONE
300359900-114,NONE
300359900-115,NONE
300359900-116,NONE
300359900-117,NONE
300359912-1,NONE
300359912-2,NONE
300359912-3,公告日:平成３１年１月１８日
300359912-4,NONE
300359912-5,NONE
300359912-6,NONE
300359912-7,NONE
300359912-8,入札件名:志布志国家石油備蓄基地特別高圧電力購入（平成３１年度）
300359912-9,NONE
300359912-10,NONE
300359912-11,調達年度:平成３１年 調達開始日:平成３１年４月１日 調達終了日:平成３２年３月３１日
300359912-12,都道府県:鹿児島県 需要場所(住所):鹿児島県肝属郡東串良町字新洲崎５０２４番地１
300359912-13,施設名:志布志国家石油備蓄基地
300359912-14,NONE
300359912-15,NONE
300359912-16,NONE
300359912-17,NONE
300359912-18,NONE
300359912-19,NONE
300359912-20,NONE
300359912-21,NONE
300359912-22,NONE
300359912-23,NONE
300359912-24,NONE
300359912-25,NONE
300359912-26,NONE
300359912-27,NONE
300359912-28,NONE
300359912-29,NONE
300359912-30,NONE
300359912-31,NONE
300359912-32,NONE
300359912-33,NONE
300359912-34,NONE
300359912-35,NONE
300359912-36,NONE
300359912-37,NONE
300359912-38,NONE
300359912-39,NONE
300359912-40,NONE
300359912-41,NONE
300359912-42,NONE
300359912-43,NONE
300359912-44,NONE
300359912-45,NONE
300359912-46,NONE
300359912-47,質問箇所所属/担当者:〒105-0001東京都港区虎ノ門二丁目１０番１号 資格申請送付先:〒105-0001東京都港区虎ノ門二丁目１０番１号 入札書送付先:〒105-0001東京都港区虎ノ門二丁目１０番１号
300359912-48,質問箇所所属/担当者:独立行政法人石油天然ガス・金属鉱物資源機構 資格申請送付先部署/担当者名:独立行政法人石油天然ガス・金属鉱物資源機構 入札書送付先部署/担当者名:独立行政法人石油天然ガス・金属鉱物資源機構
300359912-49,質問箇所所属/担当者:石油・石油ガス備蓄部石油基地管理課東田隆祥 資格申請送付先部署/担当者名:石油・石油ガス備蓄部石油基地管理課東田隆祥 入札書送付先部署/担当者名:石油・石油ガス備蓄部石油基地管理課東田隆祥
300359912-50,質問箇所TEL/FAX:（電話）０３－６７５８－８２１８
300359912-51,質問箇所TEL/FAX:（ＦＡＸ）０３－６７５８－８０６４
300359912-52,NONE
300359912-53,NONE
300359912-54,NONE
300359912-55,NONE
300359912-56,NONE
300359912-57,資格申請締切日時:平成３１年２月４日（月）１２時
300359912-58,仕様書交付期限:平成３１年２月５日（火）
300359912-59,NONE
300359912-60,開札日時:平成３１年２月７日（木）１４時３０分
300359912-61,開札場所:東京都港区虎ノ門二丁目１０番１号虎ノ門ツインビルディング
300359912-62,開札場所:独立行政法人石油天然ガス・金属鉱物資源機構１３階会議室
300359912-63,NONE
300359912-64,NONE
300359912-65,NONE
300359912-66,NONE
300359912-67,NONE
300359912-68,NONE
300359912-69,NONE
300359912-70,NONE
300359912-71,NONE
300359912-72,NONE
300359912-73,NONE
300359912-74,NONE
300359912-75,NONE
300359912-76,NONE
300359912-77,NONE
300359912-78,NONE
300359912-79,NONE
300359912-80,NONE
300359912-81,NONE
300359912-82,NONE
300359912-83,NONE
300359912-84,NONE
300359912-85,NONE
300359912-86,NONE
300359912-87,NONE
300359912-88,NONE
300359912-89,NONE
300359912-90,NONE
300359912-91,NONE
300359912-92,NONE
300359912-93,NONE
300359912-94,NONE
300359912-95,NONE
300359912-96,NONE
300359912-97,NONE
300359912-98,NONE
300359912-99,NONE
300359912-100,NONE
300359912-101,NONE
300359912-102,NONE
300359912-103,NONE
300359912-104,NONE
300359912-105,NONE
300359912-106,NONE
300359912-107,NONE
300359912-108,NONE
300359912-109,NONE
300359912-110,NONE
300359912-111,NONE
300359912-112,NONE
300359912-113,NONE
300359912-114,NONE
300359912-115,NONE
300359912-116,NONE
300359912-117,NONE
300364835-1,NONE
300364835-2,NONE
300364835-3,公告日:令和元年11月25日
300364835-4,NONE
300364835-5,NONE
300364835-6,NONE
300364835-7,NONE
300364835-8,NONE
300364835-9,入札件名:自然力活用型坑廃水処理調査研究の現地試験に関する電気、計装関連工事
300364835-10,NONE
300364835-11,NONE
300364835-12,NONE
300364835-13,NONE
300364835-14,NONE
300364835-15,NONE
300364835-16,NONE
300364835-17,調達開始日:契約締結日 調達終了日:令和2年2月28日
300364835-18,NONE
300364835-19,NONE
300364835-20,NONE
300364835-21,NONE
300364835-22,NONE
300364835-23,NONE
300364835-24,NONE
300364835-25,NONE
300364835-26,NONE
300364835-27,NONE
300364835-28,NONE
300364835-29,NONE
300364835-30,NONE
300364835-31,NONE
300364835-32,NONE
300364835-34,NONE
300364835-35,NONE
300364835-36,NONE
300364835-37,NONE
300364835-38,NONE
300364835-39,NONE
300364835-40,NONE
300364835-41,NONE
300364835-42,NONE
300364835-43,NONE
300364835-44,資格申請締切日時:令和元年１２月１６日（月）１７時００分
300364835-45,NONE
300364835-46,NONE
300364835-47,NONE
300364835-48,NONE
300364835-49,NONE
300364835-50,NONE
300364835-51,NONE
300364835-52,NONE
300364835-53,NONE
300364835-54,NONE
300364835-55,NONE
300364835-56,NONE
300364835-57,NONE
300364835-58,NONE
300364835-59,質問箇所所属/担当者:独立行政法人石油天然ガス・金属鉱物資源機構 資格申請送付先部署/担当者名:独立行政法人石油天然ガス・金属鉱物資源機構 入札書送付先部署/担当者名:独立行政法人石油天然ガス・金属鉱物資源機構
300364835-60,質問箇所TEL/FAX:TEL：03-6758-8032、FAX：03-6758-8062
300364835-61,NONE
300364835-62,質問箇所TEL/FAX:TEL：03-6758-8515
300364835-63,NONE
300364835-64,NONE
300364835-65,NONE
300364835-67,NONE
300364835-68,NONE
300364835-69,NONE
300364835-70,NONE
300364835-71,NONE
300364835-72,NONE
300364835-73,NONE
300364835-74,NONE
300364835-75,NONE
300364835-76,開札日時:令和元年１２月１９日（木）１４時００分～
300364835-77,開札場所:〒017-0202秋田県鹿角郡小坂町小坂鉱山字古館９－３
300364835-78,開札場所:独立行政法人石油天然ガス・金属鉱物資源機構
300364835-79,開札場所:金属資源技術研究所2階会議室
300364835-80,NONE
300364835-81,NONE
300364835-82,NONE
300364835-83,NONE
300364835-84,NONE
300364835-85,NONE
300364835-86,NONE
300364835-87,NONE
300364835-88,NONE
300364835-89,NONE
300364835-90,NONE
300364835-91,NONE
300364835-92,NONE
300364835-93,NONE
300364835-94,NONE
300364835-95,NONE
300364835-96,NONE
300364835-97,NONE
300364835-98,NONE
300364835-100,NONE
300364835-101,NONE
300364835-102,NONE
300364835-103,NONE
300364835-104,NONE
300364835-105,NONE
300364835-106,NONE
300364835-107,NONE
300364835-108,NONE
300364835-109,NONE
300364835-110,NONE
300364835-111,NONE
300364835-112,NONE
300364835-113,NONE
300364835-114,NONE
300364835-115,NONE
300364835-116,NONE
300364835-117,NONE
300364835-118,NONE
300364835-119,NONE
300364835-120,NONE
300364835-121,NONE
300364835-122,NONE
300364835-123,NONE
300364835-124,NONE
300364835-125,NONE
300364835-126,NONE
300364835-127,NONE
300364835-128,NONE
300364835-129,NONE
300364835-130,NONE
300364835-131,NONE
300365552-1,NONE
300365552-2,NONE
300365552-3,公告日:令和2年1月15日
300365552-4,NONE
300365552-5,NONE
300365552-6,NONE
300365552-7,NONE
300365552-8,入札件名:２０２０年度柏崎テストフィールド電力購入
300365552-9,NONE
300365552-10,NONE
300365552-11,都道府県:新潟県 需要場所(住所):新潟県柏崎市大字平井690番地
300365552-12,施設名:独立行政法人石油天然ガス・金属鉱物資源機構柏崎テストフィールド
300365552-13,NONE
300365552-14,NONE
300365552-15,NONE
300365552-16,調達年度:２０２０年 調達開始日:２０２０年４月１日 調達終了日:２０２１年３月３１日
300365552-17,NONE
300365552-18,NONE
300365552-19,NONE
300365552-20,NONE
300365552-21,NONE
300365552-22,NONE
300365552-23,NONE
300365552-24,NONE
300365552-25,NONE
300365552-26,NONE
300365552-27,NONE
300365552-28,NONE
300365552-29,NONE
300365552-30,NONE
300365552-31,NONE
300365552-32,NONE
300365552-33,NONE
300365552-34,NONE
300365552-35,NONE
300365552-36,NONE
300365552-37,NONE
300365552-38,NONE
300365552-39,NONE
300365552-40,NONE
300365552-41,NONE
300365552-42,NONE
300365552-43,NONE
300365552-44,NONE
300365552-45,NONE
300365552-46,NONE
300365552-47,NONE
300365552-48,NONE
300365552-49,NONE
300365552-50,NONE
300365552-51,NONE
300365552-52,NONE
300365552-53,NONE
300365552-54,質問箇所所属/担当者:〒261-0025千葉県千葉市美浜区浜田一丁目2番2号 資格申請送付先:〒261-0025千葉県千葉市美浜区浜田一丁目2番2号 入札書送付先:〒261-0025千葉県千葉市美浜区浜田一丁目2番2号
300365552-55,質問箇所所属/担当者:独立行政法人石油天然ガス・金属鉱物資源機構 資格申請送付先部署/担当者名:独立行政法人石油天然ガス・金属鉱物資源機構 入札書送付先部署/担当者名:独立行政法人石油天然ガス・金属鉱物資源機構
300365552-56,質問箇所所属/担当者:石油天然ガス開発技術本部管理・研修部管理課（担当：太田、瀬沼） 資格申請送付先部署/担当者名:石油天然ガス開発技術本部管理・研修部管理課（担当：太田、瀬沼） 入札書送付先部署/担当者名:石油天然ガス開発技術本部管理・研修部管理課（担当：太田、瀬沼）
300365552-57,質問箇所TEL/FAX:Tel:043-276-4300
300365552-58,NONE
300365552-59,仕様書交付期限:17:00 入札書締切日時:17:00
300365552-62,NONE
300365552-63,資格申請締切日時:令和2年2月17日（月）15時00分
300365552-64,NONE
300365552-65,NONE
300365552-66,NONE
300365552-67,開札日時:令和2年2月20日（木）10時30分
300365552-68,開札場所:〒261-0025千葉県千葉市美浜区浜田一丁目2番2号
300365552-69,開札場所:独立行政法人石油天然ガス・金属鉱物資源機構技術センター
300365552-70,NONE
300365552-71,NONE
300365552-72,NONE
300365552-73,NONE
300365552-74,NONE
300365552-75,NONE
300365552-76,NONE
300365552-77,NONE
300365552-78,NONE
300365552-79,NONE
300365552-80,NONE
300365552-81,NONE
300365552-82,NONE
300365552-83,NONE
300365552-84,NONE
300365552-85,NONE
300365552-86,NONE
300365552-87,NONE
300365552-88,NONE
300365552-89,NONE
300365552-90,NONE
300365552-91,NONE
300365552-92,NONE
300365552-93,NONE
300365552-94,NONE
300365552-95,NONE
300365552-96,NONE
300365552-97,NONE
300365552-98,NONE
300365552-99,NONE
300365552-100,NONE
300365552-101,NONE
300365552-102,NONE
300365552-103,NONE
300365552-104,NONE
300365552-105,NONE
300365552-106,NONE
300365552-107,NONE
300365552-108,NONE
300365552-109,NONE
300365552-110,NONE
300365552-111,NONE
300365552-112,NONE
300365552-113,NONE
300365552-114,NONE
300365552-115,NONE
300365552-116,NONE
300365552-117,NONE
300365552-118,NONE
300365552-119,NONE
300365552-120,NONE
300365552-121,NONE
300365552-122,NONE
300365619-1,NONE
300365619-2,NONE
300365619-3,公告日:令和２年１月２１日
300365619-4,NONE
300365619-5,NONE
300365619-6,NONE
300365619-7,NONE
300365619-8,入札件名:白島国家石油備蓄基地（本土側事務所及び白島展示館）
300365619-9,入札件名:高圧電力購入（令和２年度）
300365619-10,NONE
300365619-11,NONE
300365619-12,調達年度:令和２年 調達開始日:令和２年４月１日 調達終了日:令和３年３月３１日
300365619-13,需要場所(住所):福岡県北九州市若松区響町一丁目１０８番
300365619-14,施設名:白島国家石油備蓄基地（本土側事務所及び白島展示館）
300365619-15,NONE
300365619-16,NONE
300365619-17,NONE
300365619-18,NONE
300365619-19,NONE
300365619-20,NONE
300365619-21,NONE
300365619-22,NONE
300365619-23,NONE
300365619-24,NONE
300365619-25,NONE
300365619-26,NONE
300365619-27,NONE
300365619-28,NONE
300365619-29,NONE
300365619-30,NONE
300365619-31,NONE
300365619-32,NONE
300365619-33,NONE
300365619-34,NONE
300365619-35,NONE
300365619-36,NONE
300365619-37,NONE
300365619-38,NONE
300365619-39,NONE
300365619-40,NONE
300365619-41,NONE
300365619-42,NONE
300365619-43,NONE
300365619-44,NONE
300365619-45,NONE
300365619-46,NONE
300365619-47,NONE
300365619-48,NONE
300365619-49,NONE
300365619-50,NONE
300365619-51,NONE
300365619-52,NONE
300365619-53,NONE
300365619-54,NONE
300365619-55,NONE
300365619-56,質問箇所所属/担当者:〒105-0001東京都港区虎ノ門二丁目１０番１号 資格申請送付先:〒105-0001東京都港区虎ノ門二丁目１０番１号 入札書送付先:〒105-0001東京都港区虎ノ門二丁目１０番１号
300365619-57,質問箇所所属/担当者:独立行政法人石油天然ガス・金属鉱物資源機構 資格申請送付先部署/担当者名:独立行政法人石油天然ガス・金属鉱物資源機構 入札書送付先部署/担当者名:独立行政法人石油天然ガス・金属鉱物資源機構
300365619-58,質問箇所所属/担当者:石油・石油ガス備蓄部石油基地管理課佐藤勇二 資格申請送付先部署/担当者名:石油・石油ガス備蓄部石油基地管理課佐藤勇二 入札書送付先部署/担当者名:石油・石油ガス備蓄部石油基地管理課佐藤勇二
300365619-59,質問箇所TEL/FAX:（電話）０３－６７５８－８５１３
300365619-60,質問箇所TEL/FAX:（ＦＡＸ）０３－６７５８－８０６４
300365619-61,NONE
300365619-62,NONE
300365619-63,NONE
300365619-64,NONE
300365619-65,NONE
300365619-66,資格申請締切日時:令和２年２月１０日（月）１２時
300365619-67,仕様書交付期限:令和２年２月１２日（水）
300365619-68,NONE
300365619-69,開札日時:令和２年２月１４日（金）１４時１０分
300365619-70,開札場所:東京都港区虎ノ門二丁目１０番１号虎ノ門ツインビルディング
300365619-71,開札場所:独立行政法人石油天然ガス・金属鉱物資源機構１９階会議室
300365619-72,NONE
300365619-73,NONE
300365619-74,NONE
300365619-75,NONE
300365619-76,NONE
300365619-77,NONE
300365619-78,NONE
300365619-79,NONE
300365619-80,NONE
300365619-81,NONE
300365619-82,NONE
300365619-83,NONE
300365619-84,NONE
300365619-85,NONE
300365619-86,NONE
300365619-87,NONE
300365619-88,NONE
300365619-89,NONE
300365619-90,NONE
300365619-91,NONE
300365619-92,NONE
300365619-93,NONE
300365619-94,NONE
300365619-95,NONE
300365619-96,NONE
300365619-97,NONE
300365619-98,NONE
300365619-99,NONE
300365619-100,NONE
300365619-101,NONE
300365619-102,NONE
300365619-103,NONE
300365619-104,NONE
300365619-105,NONE
300365619-106,NONE
300365619-107,NONE
300365619-108,NONE
300365619-109,NONE
300365619-110,NONE
300365619-111,NONE
300365619-112,NONE
300365619-113,NONE
300365619-114,NONE
300365619-115,NONE
300365619-116,NONE
300365619-117,NONE
300365619-118,NONE
300365619-119,NONE
300365619-120,NONE
300365619-121,NONE
300365619-122,NONE
300365619-123,NONE
300365619-124,NONE
300365619-125,NONE
300365639-1,NONE
300365639-2,NONE
300365639-3,公告日:令和2年1月22日
300365639-4,NONE
300365639-5,NONE
300365639-6,NONE
300365639-7,NONE
300365639-8,入札件名:令和2年度海外支所等への書類等の運送に係る単価契約
300365639-9,NONE
300365639-10,NONE
300365639-11,NONE
300365639-12,NONE
300365639-13,調達年度:令和2年 調達開始日:令和2年4月1日 調達終了日:令和3年3月31日
300365639-14,NONE
300365639-15,NONE
300365639-16,NONE
300365639-17,NONE
300365639-18,NONE
300365639-19,NONE
300365639-20,NONE
300365639-21,NONE
300365639-22,NONE
300365639-23,NONE
300365639-24,NONE
300365639-25,NONE
300365639-26,NONE
300365639-27,NONE
300365639-28,NONE
300365639-29,NONE
300365639-30,NONE
300365639-31,NONE
300365639-32,NONE
300365639-33,NONE
300365639-34,NONE
300365639-35,NONE
300365639-36,NONE
300365639-37,NONE
300365639-38,NONE
300365639-39,NONE
300365639-40,NONE
300365639-41,NONE
300365639-42,NONE
300365639-43,NONE
300365639-44,資格申請締切日時:令和2年2月27日(木)12時00分
300365639-45,NONE
300365639-46,NONE
300365639-47,NONE
300365639-48,質問箇所所属/担当者:〒105-0001東京都港区虎ノ門二丁目１０番１号 資格申請送付先:〒105-0001東京都港区虎ノ門二丁目１０番１号 入札書送付先:〒105-0001東京都港区虎ノ門二丁目１０番１号
300365639-49,質問箇所所属/担当者:独立行政法人石油天然ガス・金属鉱物資源機構 資格申請送付先部署/担当者名:独立行政法人石油天然ガス・金属鉱物資源機構 入札書送付先部署/担当者名:独立行政法人石油天然ガス・金属鉱物資源機構
300365639-50,質問箇所所属/担当者:総務部管理課鈴木三恵 資格申請送付先部署/担当者名:総務部管理課鈴木三恵 入札書送付先部署/担当者名:総務部管理課鈴木三恵
300365639-51,NONE
300365639-52,質問箇所TEL/FAX:Tel03-6758-8121Fax03-6758-8087
300365639-53,NONE
300365639-54,仕様書交付期限:令和2年2月26日(水)
300365639-55,NONE
300365639-56,NONE
300365639-57,NONE
300365639-58,NONE
300365639-59,NONE
300365639-60,NONE
300365639-61,開札日時:令和2年3月2日(月)14時00分
300365639-62,開札場所:〒105-0001東京都港区虎ノ門二丁目１０番１号
300365639-63,開札場所:独立行政法人石油天然ガス・金属鉱物資源機構２階C会議室
300365639-64,NONE
300365639-65,NONE
300365639-66,NONE
300365639-67,NONE
300365639-68,NONE
300365639-69,NONE
300365639-70,NONE
300365639-71,NONE
300365639-72,NONE
300365639-73,NONE
300365639-74,NONE
300365639-75,NONE
300365639-76,NONE
300365639-77,NONE
300365639-78,NONE
300365639-79,NONE
300365639-80,NONE
300365639-81,NONE
300365639-82,NONE
300365639-83,NONE
300365639-84,NONE
300365639-85,NONE
300365639-86,NONE
300365639-87,NONE
300365639-88,NONE
300365639-89,NONE
300365639-90,NONE
300365639-91,NONE
300365639-92,NONE
300365639-93,NONE
300365639-94,NONE
300365639-95,NONE
300365639-96,NONE
300365639-97,NONE
300365639-98,NONE
300365639-99,NONE
300365639-100,NONE
300365639-101,NONE
300365639-102,NONE
300365639-103,NONE
300365639-104,NONE
300365639-105,NONE
300365639-106,NONE
300365639-107,NONE
300365639-108,NONE
300365639-109,NONE
300365639-110,NONE
300365639-111,NONE
300365862-1,NONE
300365862-2,NONE
300365862-3,公告日:令和２年２月５日
300365862-4,NONE
300365862-5,NONE
300365862-6,NONE
300365862-7,入札件名:海外安全教育業務
300365862-8,入札件名:石油天然ガス・金属鉱物資源機構の役職員の安全教育契約
300365862-9,NONE
300365862-10,調達年度:令和２年 調達開始日:令和２年４月１日 調達終了日:令和３年３月３１日
300365862-11,NONE
300365862-12,NONE
300365862-13,NONE
300365862-14,NONE
300365862-15,NONE
300365862-16,NONE
300365862-17,NONE
300365862-18,NONE
300365862-19,NONE
300365862-20,NONE
300365862-21,NONE
300365862-22,NONE
300365862-23,NONE
300365862-24,NONE
300365862-25,NONE
300365862-26,NONE
300365862-27,NONE
300365862-28,NONE
300365862-29,NONE
300365862-30,NONE
300365862-31,NONE
300365862-32,NONE
300365862-33,NONE
300365862-34,NONE
300365862-35,資格申請締切日時:令和２年２月２１日（金）１２：００
300365862-36,NONE
300365862-37,NONE
300365862-38,NONE
300365862-39,NONE
300365862-40,NONE
300365862-41,NONE
300365862-42,入札書締切日時:令和２年２月２０日（木）１２時００分
300365862-43,NONE
300365862-44,質問箇所所属/担当者:独立行政法人石油天然ガス・金属鉱物資源機構 資格申請送付先部署/担当者名:独立行政法人石油天然ガス・金属鉱物資源機構 入札書送付先部署/担当者名:独立行政法人石油天然ガス・金属鉱物資源機構
300365862-45,NONE
300365862-46,NONE
300365862-47,NONE
300365862-48,NONE
300365862-49,開札日時:令和２年３月２日（月）１５時００分
300365862-50,開札場所:〒105-0001東京都港区虎ノ門二丁目１０番１号虎ノ門ツインビルディング
300365862-51,開札場所:独立行政法人石油天然ガス・金属鉱物資源機構２階会議室
300365862-52,NONE
300365862-53,NONE
300365862-54,NONE
300365862-55,NONE
300365862-56,NONE
300365862-57,NONE
300365862-58,NONE
300365862-59,NONE
300365862-60,NONE
300365862-61,NONE
300365862-62,NONE
300365862-63,NONE
300365862-64,NONE
300365862-65,NONE
300365862-66,NONE
300365862-67,NONE
300365862-68,NONE
300365862-69,NONE
300365862-70,NONE
300365862-71,NONE
300365862-72,NONE
300365862-73,NONE
300365862-74,NONE
300365862-75,NONE
300365862-76,NONE
300365862-77,NONE
300365862-78,NONE
300365862-79,NONE
300365862-80,NONE
300365862-81,NONE
300365862-82,NONE
300365862-83,NONE
300365862-84,NONE
300365862-85,NONE
300365862-86,NONE
300365862-87,NONE
300365875-1,NONE
300365875-2,NONE
300365875-3,公告日:令和２年２月１４日
300365875-4,NONE
300365875-5,NONE
300365875-6,NONE
300365875-7,NONE
300365875-8,NONE
300365875-9,入札件名:統合仮想化基盤サーバの導入
300365875-10,NONE
300365875-11,NONE
300365875-12,NONE
300365875-13,NONE
300365875-14,調達終了日:令和２年７月３１日
300365875-15,施設名:独立行政法人石油天然ガス・金属鉱物資源機構本部
300365875-16,都道府県:東京都港区 需要場所(住所):東京都港区虎ノ門二丁目１０番1号虎ノ門ツインビルディング
300365875-17,NONE
300365875-18,NONE
300365875-19,NONE
300365875-20,NONE
300365875-21,NONE
300365875-22,NONE
300365875-23,NONE
300365875-24,NONE
300365875-25,NONE
300365875-26,NONE
300365875-27,NONE
300365875-28,NONE
300365875-29,NONE
300365875-30,資格申請締切日時:令和２年３月２７日（金）１７時
300365875-31,NONE
300365875-32,NONE
300365875-33,NONE
300365875-34,NONE
300365875-35,NONE
300365875-36,NONE
300365875-37,NONE
300365875-38,質問箇所所属/担当者:〒105-0001 資格申請送付先:〒105-0001 入札書送付先:〒105-0001
300365875-39,質問箇所所属/担当者:東京都港区虎ノ門二丁目１０番１号虎ノ門ツインビルディング 資格申請送付先:東京都港区虎ノ門二丁目１０番１号虎ノ門ツインビルディング 入札書送付先:東京都港区虎ノ門二丁目１０番１号虎ノ門ツインビルディング
300365875-40,質問箇所所属/担当者:独立行政法人石油天然ガス・金属鉱物資源機構 資格申請送付先部署/担当者名:独立行政法人石油天然ガス・金属鉱物資源機構 入札書送付先部署/担当者名:独立行政法人石油天然ガス・金属鉱物資源機構
300365875-41,質問箇所所属/担当者:総務部情報システム課今関 資格申請送付先部署/担当者名:総務部情報システム課今関 入札書送付先部署/担当者名:総務部情報システム課今関
300365875-42,質問箇所TEL/FAX:Tel03-6758-8688Fax03-6758-8055
300365875-43,NONE
300365875-44,NONE
300365875-45,NONE
300365875-46,NONE
300365875-47,NONE
300365875-48,NONE
300365875-49,NONE
300365875-50,NONE
300365875-51,入札書締切日時:令和２年４月１３日（月）１５時００分 開札日時:令和２年４月１３日（月）１５時００分
300365875-52,開札場所:１９Ａ会議室
300365875-53,NONE
300365875-54,NONE
300365875-55,NONE
300365875-56,NONE
300365875-57,NONE
300365875-58,NONE
300365875-59,NONE
300365875-60,NONE
300365875-61,NONE
300365875-62,NONE
300365875-63,NONE
300365875-64,NONE
300365875-65,NONE
300365875-66,NONE
300365875-67,NONE
300365875-68,NONE
300365875-69,NONE
300365875-70,NONE
300365875-71,NONE
300365875-72,NONE
300365875-73,NONE
300365875-74,NONE
300365875-75,NONE
300365875-76,NONE
300365875-77,NONE
300365875-78,NONE
300365875-79,NONE
300365875-80,NONE
300365875-81,NONE
300365875-82,NONE
300365875-83,NONE
300365875-84,NONE
300365875-85,NONE
300365875-86,NONE
300365875-87,NONE
300365875-88,NONE
300365875-89,NONE
300365875-90,NONE
300365875-91,NONE
300365875-92,NONE
300365875-93,NONE
300366032-1,NONE
300366032-2,NONE
300366032-3,公告日:令和２年２月１７日
300366032-4,NONE
300366032-5,NONE
300366032-6,NONE
300366032-7,入札件名:令和2年度旧松岡炭鉱坑廃水処理施設に係る産業廃棄物収集運搬業務
300366032-8,入札件名:汚泥（脱水ケーキ）産業廃棄物の収集運搬業務
300366032-9,調達年度:令和2年 調達開始日:令和2年4月1日 調達終了日:令和3年3月31日
300366032-10,NONE
300366032-11,NONE
300366032-12,NONE
300366032-13,NONE
300366032-14,NONE
300366032-15,NONE
300366032-16,NONE
300366032-17,NONE
300366032-18,NONE
300366032-19,NONE
300366032-20,NONE
300366032-21,NONE
300366032-22,NONE
300366032-23,NONE
300366032-24,NONE
300366032-25,NONE
300366032-26,NONE
300366032-27,NONE
300366032-28,NONE
300366032-29,NONE
300366032-30,NONE
300366032-31,NONE
300366032-32,NONE
300366032-33,NONE
300366032-34,NONE
300366032-35,NONE
300366032-36,NONE
300366032-37,NONE
300366032-38,NONE
300366032-39,NONE
300366032-40,NONE
300366032-41,NONE
300366032-42,NONE
300366032-43,NONE
300366032-44,NONE
300366032-45,NONE
300366032-46,NONE
300366032-47,NONE
300366032-48,NONE
300366032-49,資格申請送付先:〒812-0011 入札書送付先:〒812-0011
300366032-50,質問箇所所属/担当者:福岡県福岡市博多区博多駅前二丁目19番24号大博センタービル10階 資格申請送付先:福岡県福岡市博多区博多駅前二丁目19番24号大博センタービル10階 入札書送付先:福岡県福岡市博多区博多駅前二丁目19番24号大博センタービル10階
300366032-51,質問箇所所属/担当者:独立行政法人石油天然ガス・金属鉱物資源機構 資格申請送付先部署/担当者名:独立行政法人石油天然ガス・金属鉱物資源機構 入札書送付先部署/担当者名:独立行政法人石油天然ガス・金属鉱物資源機構
300366032-52,質問箇所所属/担当者:九州支部総務部契約課野田、江口 資格申請送付先部署/担当者名:九州支部総務部契約課野田、江口 入札書送付先部署/担当者名:九州支部総務部契約課野田、江口
300366032-53,質問箇所TEL/FAX:Tel092-411-7832Fax092-471-6975
300366032-54,NONE
300366032-55,NONE
300366032-56,NONE
300366032-57,NONE
300366032-58,NONE
300366032-59,資格申請送付先:福岡県福岡市博多区博多駅前二丁目19番24号大博センタービル10階 入札書送付先:福岡県福岡市博多区博多駅前二丁目19番24号大博センタービル10階
300366032-60,質問箇所所属/担当者:独立行政法人石油天然ガス・金属鉱物資源機構 資格申請送付先部署/担当者名:独立行政法人石油天然ガス・金属鉱物資源機構 入札書送付先部署/担当者名:独立行政法人石油天然ガス・金属鉱物資源機構
300366032-61,質問箇所所属/担当者:九州支部石炭業務部管理第2課藤井、緒方 入札書送付先部署/担当者名:九州支部石炭業務部管理第2課藤井、緒方
300366032-62,質問箇所TEL/FAX:Tel092-411-7833Fax092-431-7739
300366032-63,NONE
300366032-64,NONE
300366032-65,NONE
300366032-66,NONE
300366032-67,NONE
300366032-68,NONE
300366032-69,NONE
300366032-70,NONE
300366032-71,NONE
300366032-72,NONE
300366032-73,NONE
300366032-74,NONE
300366032-75,仕様書交付期限:令和2年2月28日（金）17時00分
300366032-76,NONE
300366032-77,NONE
300366032-78,NONE
300366032-79,NONE
300366032-80,開札日時:令和2年3月13日（金）11時00分
300366032-81,開札場所:福岡県福岡市博多区博多駅前二丁目19番24号大博センタービル10階
300366032-82,開札場所:独立行政法人石油天然ガス・金属鉱物資源機構九州支部第2・3会議室
300366032-83,NONE
300366032-84,資格申請締切日時:令和2年3月10日（火）17時00分 入札書締切日時:令和2年3月10日（火）17時00分
300366032-85,NONE
300366032-86,NONE
300366032-87,NONE
300366032-88,NONE
300366032-89,NONE
300366032-90,NONE
300366032-91,NONE
300366032-92,NONE
300366032-93,NONE
300366032-94,NONE
300366032-95,NONE
300366032-96,NONE
300366032-97,NONE
300366032-98,NONE
300366032-99,NONE
300366032-100,NONE
300366032-101,NONE
300366032-102,NONE
300366032-103,NONE
300366032-104,NONE
300366032-105,NONE
300366032-106,NONE
300366032-107,NONE
300366032-108,NONE
300366032-109,NONE
300366032-110,NONE
300366032-111,NONE
300366032-112,NONE
300366032-113,NONE
300366032-114,NONE
300366032-115,NONE
300366032-116,NONE
300366032-117,NONE
300366032-118,NONE
300366032-119,NONE
300366032-120,NONE
300366032-121,NONE
300366032-122,NONE
300366032-123,NONE
300366032-124,NONE
300366032-125,NONE
300366032-126,NONE
300366032-127,NONE
300366032-128,NONE
300366032-129,NONE
300366032-130,NONE
300366032-131,NONE
300366032-132,NONE
300366032-133,NONE
300366032-134,NONE
300366032-135,NONE
300366032-136,NONE
300366032-137,NONE
300366032-138,NONE
300366032-139,NONE
300366032-140,NONE
300366032-141,NONE
300366032-142,NONE
300366032-143,NONE
300366032-144,NONE
300366032-145,NONE
300366032-146,NONE
300366032-147,NONE
300366032-148,NONE
300366032-149,NONE
300366032-150,NONE
300366032-151,NONE
300366032-152,NONE
300366032-153,NONE
300366032-154,NONE
300366032-155,NONE
300366032-156,NONE
300366032-157,NONE
300366032-158,NONE
300366032-159,NONE
300366099-1,NONE
300366099-2,NONE
300366099-3,公告日:令和2年2月18日
300366099-4,NONE
300366099-5,NONE
300366099-6,NONE
300366099-7,NONE
300366099-8,NONE
300366099-9,入札件名:液晶テレビ及びブルーレイディスクプレーヤーの購入・設置並びに既存品の廃棄
300366099-10,NONE
300366099-11,NONE
300366099-12,NONE
300366099-13,NONE
300366099-14,NONE
300366099-15,NONE
300366099-16,調達終了日:令和2年3月31日
300366099-17,NONE
300366099-18,都道府県:千葉県 需要場所(住所):千葉県千葉市美浜区浜田一丁目2番2号
300366099-19,施設名:独立行政法人石油天然ガス・金属鉱物資源機構技術センター
300366099-20,NONE
300366099-21,調達開始日:契約締結日 調達終了日:令和2年3月31日
300366099-22,NONE
300366099-23,NONE
300366099-24,NONE
300366099-25,NONE
300366099-26,NONE
300366099-27,NONE
300366099-28,NONE
300366099-29,NONE
300366099-30,NONE
300366099-31,NONE
300366099-32,NONE
300366099-33,NONE
300366099-34,NONE
300366099-35,NONE
300366099-36,NONE
300366099-37,NONE
300366099-38,NONE
300366099-39,NONE
300366099-40,NONE
300366099-41,NONE
300366099-42,NONE
300366099-43,NONE
300366099-44,NONE
300366099-45,NONE
300366099-46,NONE
300366099-47,NONE
300366099-48,質問箇所所属/担当者:〒261-0025千葉県千葉市美浜区浜田一丁目2番2号 資格申請送付先:〒261-0025千葉県千葉市美浜区浜田一丁目2番2号 入札書送付先:〒261-0025千葉県千葉市美浜区浜田一丁目2番2号
300366099-49,質問箇所所属/担当者:独立行政法人石油天然ガス・金属鉱物資源機構 資格申請送付先部署/担当者名:独立行政法人石油天然ガス・金属鉱物資源機構 入札書送付先部署/担当者名:独立行政法人石油天然ガス・金属鉱物資源機構
300366099-50,質問箇所所属/担当者:管理・研修部管理課（担当：太田、瀬沼） 資格申請送付先部署/担当者名:管理・研修部管理課（担当：太田、瀬沼） 入札書送付先部署/担当者名:管理・研修部管理課（担当：太田、瀬沼）
300366099-51,質問箇所TEL/FAX:Tel:043-276-4300
300366099-52,NONE
300366099-53,仕様書交付期限:令和2年2月27日（木）
300366099-55,NONE
300366099-56,NONE
300366099-57,NONE
300366099-58,NONE
300366099-59,資格申請締切日時:令和2年3月3日（火）15時00分
300366099-60,NONE
300366099-61,NONE
300366099-62,NONE
300366099-63,開札日時:令和2年3月5日（木）15時00分
300366099-64,開札場所:〒261-0025千葉県千葉市美浜区浜田一丁目2番2号
300366099-65,開札場所:独立行政法人石油天然ガス・金属鉱物資源機構
300366099-66,開札場所:石油天然ガス開発技術本部（技術センター）
300366099-67,NONE
300366099-68,NONE
300366099-69,NONE
300366099-70,NONE
300366099-71,NONE
300366099-72,NONE
300366099-73,NONE
300366099-74,NONE
300366099-75,NONE
300366099-76,NONE
300366099-77,NONE
300366099-78,NONE
300366099-79,NONE
300366099-80,NONE
300366099-81,NONE
300366099-82,NONE
300366099-83,NONE
300366099-84,NONE
300366099-85,NONE
300366099-86,NONE
300366099-87,NONE
300366099-88,NONE
300366099-89,NONE
300366099-90,NONE
300366099-91,NONE
300366099-92,NONE
300366099-93,NONE
300366099-94,NONE
300366099-95,NONE
300366099-96,NONE
300366099-97,NONE
300366099-98,NONE
300366099-99,NONE
300366099-100,NONE
300366099-101,NONE
300366099-102,NONE
300366099-103,NONE
300366099-104,NONE
300366099-105,NONE
300366099-106,NONE
300366099-107,NONE
300366099-108,NONE
300366099-109,NONE
300366099-110,NONE
300366099-111,NONE
300366099-112,NONE
300366099-113,NONE
300366099-114,NONE
300366168-1,NONE
300366168-2,NONE
300366168-3,公告日:令和２年２月２０日
300366168-4,NONE
300366168-5,NONE
300366168-6,NONE
300366168-7,NONE
300366168-8,NONE
300366168-9,入札件名:令和２年度海洋資源調査船「白嶺」船内で行う地質サンプル等処理業務
300366168-10,NONE
300366168-11,NONE
300366168-12,NONE
300366168-13,NONE
300366168-14,調達開始日:契約締結日 調達終了日:令和３年２月２６日
300366168-15,NONE
300366168-16,NONE
300366168-17,NONE
300366168-18,NONE
300366168-19,NONE
300366168-20,NONE
300366168-21,NONE
300366168-22,NONE
300366168-23,NONE
300366168-24,NONE
300366168-25,NONE
300366168-26,NONE
300366168-27,NONE
300366168-28,NONE
300366168-29,NONE
300366168-30,NONE
300366168-31,NONE
300366168-32,NONE
300366168-33,NONE
300366168-34,NONE
300366168-35,NONE
300366168-36,NONE
300366168-37,NONE
300366168-38,NONE
300366168-39,NONE
300366168-40,NONE
300366168-41,NONE
300366168-42,NONE
300366168-43,NONE
300366168-44,NONE
300366168-45,NONE
300366168-46,NONE
300366168-47,NONE
300366168-48,NONE
300366168-49,NONE
300366168-50,NONE
300366168-51,NONE
300366168-52,質問箇所所属/担当者:〒１０５－０００１ 資格申請送付先:〒１０５－０００１ 入札書送付先:〒１０５－０００１
300366168-53,質問箇所所属/担当者:東京都港区虎ノ門二丁目１０番１号虎ノ門ツインビルディング西棟１５階 資格申請送付先:東京都港区虎ノ門二丁目１０番１号虎ノ門ツインビルディング西棟１５階 入札書送付先:東京都港区虎ノ門二丁目１０番１号虎ノ門ツインビルディング西棟１５階
300366168-54,質問箇所所属/担当者:独立行政法人石油天然ガス・金属鉱物資源機構金属資源技術部海洋資源調査課 資格申請送付先部署/担当者名:独立行政法人石油天然ガス・金属鉱物資源機構金属資源技術部海洋資源調査課 入札書送付先部署/担当者名:独立行政法人石油天然ガス・金属鉱物資源機構金属資源技術部海洋資源調査課
300366168-55,質問箇所所属/担当者:天谷宇志 資格申請送付先部署/担当者名:天谷宇志
300366168-56,NONE
300366168-57,NONE
300366168-58,NONE
300366168-59,NONE
300366168-60,NONE
300366168-61,NONE
300366168-62,NONE
300366168-63,NONE
300366168-64,NONE
300366168-65,NONE
300366168-66,NONE
300366168-67,NONE
300366168-68,NONE
300366168-69,資格申請締切日時:令和２年３月１９日（木）１７時
300366168-70,NONE
300366168-71,NONE
300366168-72,NONE
300366168-73,NONE
300366168-74,NONE
300366168-75,開札日時:令和２年３月２４日（火）１０時００分
300366168-76,開札場所:１５階ＡＢ会議室
300366168-77,NONE
300366168-78,NONE
300366168-79,NONE
300366168-80,NONE
300366168-81,NONE
300366168-82,NONE
300366168-83,NONE
300366168-84,NONE
300366168-85,NONE
300366168-86,NONE
300366168-87,NONE
300366168-88,NONE
300366168-89,NONE
300366168-90,NONE
300366168-91,NONE
300366168-92,NONE
300366168-93,NONE
300366168-94,NONE
300366168-95,NONE
300366168-96,NONE
300366168-97,NONE
300366168-98,NONE
300366168-99,NONE
300366168-100,NONE
300366168-101,NONE
300366168-102,NONE
300366168-103,NONE
300366168-104,NONE
300366168-105,NONE
300366168-106,NONE
300366168-107,NONE
300366168-108,NONE
300366168-109,NONE
300366168-110,NONE
300366168-111,NONE
300366168-112,NONE
300366168-113,NONE
300366168-114,NONE
300366168-115,NONE
300366168-116,NONE
300366168-117,NONE
300366168-118,NONE
300366168-119,NONE
300366168-120,NONE
300366168-121,NONE
300366168-122,NONE
300366168-123,NONE
300366168-124,NONE
300366168-125,NONE
300366168-126,NONE
300366256-1,NONE
300366256-2,NONE
300366256-3,公告日:令和２年２月２７日
300366256-4,NONE
300366256-5,NONE
300366256-6,NONE
300366256-7,NONE
300366256-8,入札件名:令和２年度自動車保険契約
300366256-9,NONE
300366256-10,NONE
300366256-11,NONE
300366256-12,NONE
300366256-13,調達年度:令和２年 調達開始日:令和２年４月１日午後４時 調達終了日:令和３年４月１日午後４時
300366256-14,NONE
300366256-15,NONE
300366256-16,NONE
300366256-17,NONE
300366256-18,NONE
300366256-19,NONE
300366256-20,NONE
300366256-21,NONE
300366256-22,NONE
300366256-23,NONE
300366256-24,NONE
300366256-25,NONE
300366256-26,NONE
300366256-27,NONE
300366256-28,NONE
300366256-29,NONE
300366256-30,NONE
300366256-31,NONE
300366256-32,NONE
300366256-33,NONE
300366256-34,NONE
300366256-35,NONE
300366256-36,NONE
300366256-37,NONE
300366256-38,NONE
300366256-39,NONE
300366256-40,NONE
300366256-41,NONE
300366256-42,質問箇所所属/担当者:〒１０５－０００１ 資格申請送付先:〒１０５－０００１ 入札書送付先:〒１０５－０００１
300366256-43,質問箇所所属/担当者:東京都港区虎ノ門二丁目１０番１号虎ノ門ツインビルディング 資格申請送付先:東京都港区虎ノ門二丁目１０番１号虎ノ門ツインビルディング 入札書送付先:東京都港区虎ノ門二丁目１０番１号虎ノ門ツインビルディング
300366256-44,質問箇所所属/担当者:独立行政法人石油天然ガス・金属鉱物資源機構西棟１８階 資格申請送付先部署/担当者名:独立行政法人石油天然ガス・金属鉱物資源機構西棟１８階 入札書送付先部署/担当者名:独立行政法人石油天然ガス・金属鉱物資源機構西棟１８階
300366256-45,質問箇所所属/担当者:経理部経理課西野公子 資格申請送付先部署/担当者名:経理部経理課西野公子
300366256-46,NONE
300366256-47,NONE
300366256-48,NONE
300366256-49,NONE
300366256-50,NONE
300366256-51,NONE
300366256-52,NONE
300366256-53,NONE
300366256-54,質問票締切日時:令和２月３月１２日（木）１７時００分
300366256-55,NONE
300366256-56,資格申請締切日時:令和２年３月１１日（水）１７時００分
300366256-57,NONE
300366256-58,NONE
300366256-59,NONE
300366256-60,NONE
300366256-61,NONE
300366256-62,NONE
300366256-63,NONE
300366256-64,NONE
300366256-65,NONE
300366256-66,NONE
300366256-67,NONE
300366256-68,NONE
300366256-69,NONE
300366256-70,NONE
300366256-71,開札日時:令和２年３月１８日（水）１４時００分
300366256-72,開札場所:〒１０５－０００１
300366256-73,開札場所:東京都港区虎ノ門二丁目１０番１号虎ノ門ツインビルディング
300366256-74,開札場所:独立行政法人石油天然ガス・金属鉱物資源機構西棟１８階Ａ・Ｂ会議室
300366256-75,NONE
300366256-76,NONE
300366256-77,NONE
300366256-78,NONE
300366256-79,NONE
300366256-80,NONE
300366256-81,NONE
300366256-82,NONE
300366256-83,NONE
300366256-84,NONE
300366256-85,NONE
300366256-86,NONE
300366256-87,NONE
300366256-88,NONE
300366256-89,NONE
300366256-90,NONE
300366256-91,NONE
300366256-92,NONE
300366256-93,NONE
300366256-94,NONE
300366256-95,NONE
300366256-96,NONE
300366256-97,NONE
300366256-98,NONE
300366256-99,NONE
300366256-100,NONE
300366256-101,NONE
300366256-102,NONE
300366256-103,NONE
300366256-104,NONE
300366256-105,NONE
300366256-106,NONE
300366256-107,NONE
300366256-108,NONE
300366256-109,NONE
300366256-110,NONE
300366256-111,NONE
300366256-112,NONE
300366256-113,NONE
300366256-114,NONE
300366256-115,NONE
300366256-116,NONE
300366256-117,NONE
300366256-118,NONE
300366342-1,NONE
300366342-2,NONE
300366342-3,公告日:令和２年２月２８日
300366342-4,NONE
300366342-5,NONE
300366342-6,NONE
300366342-7,NONE
300366342-8,入札件名:令和２年度役職員の海外出張等に係る海外旅行傷害保険
300366342-9,NONE
300366342-10,NONE
300366342-11,NONE
300366342-12,NONE
300366342-13,NONE
300366342-14,調達年度:令和２年 調達開始日:令和２年４月１日午前０時 調達終了日:令和３年３月３１日午後１２時
300366342-15,NONE
300366342-16,NONE
300366342-17,NONE
300366342-18,NONE
300366342-19,NONE
300366342-20,NONE
300366342-21,NONE
300366342-22,NONE
300366342-23,NONE
300366342-24,NONE
300366342-25,NONE
300366342-26,NONE
300366342-27,NONE
300366342-28,NONE
300366342-29,NONE
300366342-30,NONE
300366342-31,NONE
300366342-32,NONE
300366342-33,NONE
300366342-34,NONE
300366342-35,NONE
300366342-36,NONE
300366342-37,NONE
300366342-38,NONE
300366342-39,NONE
300366342-40,資格申請締切日時:令和２年３月１３日（金）
300366342-41,NONE
300366342-42,NONE
300366342-44,NONE
300366342-45,NONE
300366342-46,入札書締切日時:令和２年３月１２日（木）１２時００分
300366342-48,NONE
300366342-49,質問箇所所属/担当者:独立行政法人石油天然ガス・金属鉱物資源機構 資格申請送付先部署/担当者名:独立行政法人石油天然ガス・金属鉱物資源機構 入札書送付先部署/担当者名:独立行政法人石油天然ガス・金属鉱物資源機構
300366342-50,質問箇所所属/担当者:総務部管理課鈴木、神保 資格申請送付先部署/担当者名:総務部管理課鈴木、神保 入札書送付先部署/担当者名:総務部管理課鈴木、神保
300366342-51,NONE
300366342-52,NONE
300366342-53,NONE
300366342-54,NONE
300366342-55,開札日時:令和２年３月１９日（木）１１時３０分
300366342-56,開札場所:〒105-0001東京都港区虎ノ門二丁目１０番１号虎ノ門ツインビルディング
300366342-57,開札場所:独立行政法人石油天然ガス・金属鉱物資源機構２階会議室
300366342-58,NONE
300366342-59,NONE
300366342-60,NONE
300366342-61,NONE
300366342-62,NONE
300366342-63,NONE
300366342-64,NONE
300366342-65,NONE
300366342-66,NONE
300366342-67,NONE
300366342-68,NONE
300366342-69,NONE
300366342-70,NONE
300366342-71,NONE
300366342-72,NONE
300366342-73,NONE
300366342-74,NONE
300366342-75,NONE
300366342-76,NONE
300366342-77,NONE
300366342-78,NONE
300366342-79,NONE
300366342-80,NONE
300366342-81,NONE
300366342-82,NONE
300366342-83,NONE
300366342-84,NONE
300366342-85,NONE
300366342-86,NONE
300366342-87,NONE
300366342-88,NONE
300366342-89,NONE
300366342-90,NONE
300366342-91,NONE
300366342-92,NONE
300366342-93,NONE
300366342-94,NONE
300366342-95,NONE
300366342-96,NONE
300366342-97,NONE
300366342-98,NONE
300366342-99,NONE
300366342-100,NONE
300366342-101,NONE
300366342-102,NONE
300366342-103,NONE
300366342-104,NONE
300366342-105,NONE
300366342-106,NONE
300366342-107,NONE
300366342-108,NONE
300366342-109,NONE
300366342-110,NONE
300366342-111,NONE
300366342-112,NONE
300366363-1,NONE
300366363-2,NONE
300366363-3,公告日:令和２年３月３日
300366363-4,NONE
300366363-5,NONE
300366363-6,NONE
300366363-7,NONE
300366363-8,NONE
300366363-10,NONE
300366363-11,NONE
300366363-12,NONE
300366363-13,調達開始日:契約締結日 調達終了日:令和２年１１月２７日
300366363-14,NONE
300366363-15,NONE
300366363-16,NONE
300366363-17,NONE
300366363-18,NONE
300366363-19,NONE
300366363-20,NONE
300366363-21,NONE
300366363-22,NONE
300366363-23,NONE
300366363-24,NONE
300366363-25,NONE
300366363-26,NONE
300366363-27,NONE
300366363-28,NONE
300366363-29,NONE
300366363-30,NONE
300366363-31,NONE
300366363-32,NONE
300366363-33,NONE
300366363-34,NONE
300366363-35,NONE
300366363-36,NONE
300366363-37,NONE
300366363-38,NONE
300366363-39,NONE
300366363-40,NONE
300366363-41,NONE
300366363-42,NONE
300366363-43,NONE
300366363-44,NONE
300366363-45,NONE
300366363-46,NONE
300366363-47,NONE
300366363-48,NONE
300366363-49,NONE
300366363-50,NONE
300366363-51,NONE
300366363-52,NONE
300366363-53,NONE
300366363-54,NONE
300366363-55,NONE
300366363-56,NONE
300366363-57,NONE
300366363-58,NONE
300366363-59,NONE
300366363-60,NONE
300366363-61,NONE
300366363-62,NONE
300366363-63,NONE
300366363-64,資格申請締切日時:令和２年４月２日（木）１２時
300366363-68,NONE
300366363-69,NONE
300366363-70,質問箇所所属/担当者:〒105-0001 資格申請送付先:〒105-0001 入札書送付先:〒105-0001
300366363-71,質問箇所所属/担当者:東京都港区虎ノ門二丁目１０番１号虎ノ門ツインビルディング 資格申請送付先:東京都港区虎ノ門二丁目１０番１号虎ノ門ツインビルディング 入札書送付先:東京都港区虎ノ門二丁目１０番１号虎ノ門ツインビルディング
300366363-72,質問箇所所属/担当者:独立行政法人石油天然ガス・金属鉱物資源機構 資格申請送付先部署/担当者名:独立行政法人石油天然ガス・金属鉱物資源機構 入札書送付先部署/担当者名:独立行政法人石油天然ガス・金属鉱物資源機構
300366363-73,質問箇所所属/担当者:石炭開発部石炭技術課池田真奈美、辻本譲、一戸孝之 資格申請送付先部署/担当者名:石炭開発部石炭技術課池田真奈美、辻本譲、一戸孝之 入札書送付先部署/担当者名:石炭開発部石炭技術課池田真奈美、辻本譲、一戸孝之
300366363-74,質問箇所TEL/FAX:Tel03-6758-8491Fax03-6758-8086
300366363-75,NONE
300366363-76,NONE
300366363-77,NONE
300366363-78,NONE
300366363-79,NONE
300366363-80,NONE
300366363-81,NONE
300366363-82,NONE
300366363-83,NONE
300366363-87,NONE
300366363-88,NONE
300366363-89,NONE
300366363-90,NONE
300366363-91,NONE
300366363-92,NONE
300366363-93,NONE
300366363-94,NONE
300366363-95,NONE
300366363-96,NONE
300366363-97,NONE
300366363-98,NONE
300366363-99,NONE
300366363-100,NONE
300366363-101,NONE
300366363-102,NONE
300366363-103,NONE
300366363-104,NONE
300366363-105,NONE
300366363-106,NONE
300366363-107,NONE
300366363-108,NONE
300366363-109,NONE
300366363-110,NONE
300366363-111,NONE
300366363-112,NONE
300366363-113,NONE
300366363-114,NONE
300366363-115,NONE
300366363-116,質問票締切日時:令和２年４月２日（木）１７時
300366363-117,NONE
300366363-118,NONE
300366363-119,開札日時:令和２年４月６日（月）１４時００分
300366363-120,開札場所:〒105-0001
300366363-121,開札場所:東京都港区虎ノ門二丁目１０番１号虎ノ門ツインビルディング
300366363-122,開札場所:独立行政法人石油天然ガス・金属鉱物資源機構１５Ａ会議室
300366363-123,NONE
300366363-124,NONE
300366363-125,NONE
300366363-126,NONE
300366363-127,NONE
300366363-128,NONE
300366363-129,NONE
300366363-130,NONE
300366363-131,NONE
300366363-132,NONE
300366363-133,NONE
300366363-134,NONE
300366363-135,NONE
300366363-136,NONE
300366363-137,NONE
300366363-138,NONE
300366363-139,NONE
300366363-140,NONE
300366363-141,NONE
300366363-142,NONE
300366363-143,NONE
300366363-144,NONE
300366363-145,NONE
300366363-146,NONE
300366363-147,NONE
300366363-148,NONE
300366363-149,NONE
300366363-150,NONE
300366363-151,NONE
300366363-152,NONE
300366363-153,NONE
300366363-154,NONE
300366363-155,NONE
300366363-156,NONE
300366363-157,NONE
300366363-158,NONE
300366363-159,NONE
300366363-160,NONE
300366363-161,NONE
300366363-162,NONE
300366363-163,NONE
300366363-164,NONE
300366363-165,NONE
300366363-166,NONE
300366363-167,NONE
300366363-168,NONE
300366363-169,NONE
300366363-170,NONE
300366363-171,NONE
300366363-172,NONE
300366363-173,NONE
300366363-174,NONE
300366363-175,NONE
300366363-176,NONE
300366363-177,NONE
300366363-178,NONE
300366363-179,NONE
300366363-180,NONE
300366363-181,NONE
300366363-182,NONE
300366363-183,NONE
300366363-184,NONE
300366363-185,NONE
300366678-1,NONE
300366678-2,NONE
300366678-3,公告日:令和２年３月２３日
300366678-4,NONE
300366678-5,NONE
300366678-6,NONE
300366678-7,NONE
300366678-8,入札件名:AEデータ解析用ワークステーションの導入（リース）
300366678-9,NONE
300366678-10,NONE
300366678-11,NONE
300366678-12,調達年度:令和２年 調達開始日:令和２年７月１日 調達終了日:令和３年３月３１日（水）
300366678-13,NONE
300366678-14,調達終了日:令和２年６月３０日
300366678-15,NONE
300366678-16,都道府県:福島県 需要場所(住所):〒963-0298福島県郡山市待池台2-2-9
300366678-17,施設名:国立研究開発法人産業技術総合研究所
300366678-18,NONE
300366678-19,NONE
300366678-20,NONE
300366678-21,NONE
300366678-22,NONE
300366678-23,NONE
300366678-24,NONE
300366678-25,NONE
300366678-26,NONE
300366678-27,NONE
300366678-28,NONE
300366678-29,NONE
300366678-30,NONE
300366678-31,NONE
300366678-32,NONE
300366678-33,NONE
300366678-34,NONE
300366678-35,NONE
300366678-36,NONE
300366678-37,NONE
300366678-39,NONE
300366678-40,NONE
300366678-41,NONE
300366678-42,NONE
300366678-43,NONE
300366678-44,NONE
300366678-45,NONE
300366678-48,NONE
300366678-49,NONE
300366678-50,NONE
300366678-51,NONE
300366678-52,NONE
300366678-53,NONE
300366678-54,NONE
300366678-55,NONE
300366678-56,NONE
300366678-57,NONE
300366678-58,NONE
300366678-59,資格申請締切日時:令和２年４月６日１７：００
300366678-60,NONE
300366678-61,NONE
300366678-62,NONE
300366678-63,NONE
300366678-64,NONE
300366678-65,質問箇所所属/担当者:〒105-0001 資格申請送付先:〒105-0001 入札書送付先:〒105-0001
300366678-66,質問箇所所属/担当者:東京都港区虎ノ門二丁目１０番１号虎ノ門ツインビルディング 資格申請送付先:東京都港区虎ノ門二丁目１０番１号虎ノ門ツインビルディング 入札書送付先:東京都港区虎ノ門二丁目１０番１号虎ノ門ツインビルディング
300366678-67,質問箇所所属/担当者:独立行政法人石油天然ガス・金属鉱物資源機構 資格申請送付先部署/担当者名:独立行政法人石油天然ガス・金属鉱物資源機構 入札書送付先部署/担当者名:独立行政法人石油天然ガス・金属鉱物資源機構
300366678-68,質問箇所所属/担当者:地熱技術部技術課吉松圭太／財前貴志 資格申請送付先部署/担当者名:地熱技術部技術課吉松圭太／財前貴志 入札書送付先部署/担当者名:地熱技術部技術課吉松圭太／財前貴志
300366678-69,NONE
300366678-70,質問箇所TEL/FAX:Tel03-6758-8001Fax03-6758-8087
300366678-71,NONE
300366678-72,NONE
300366678-73,NONE
300366678-74,NONE
300366678-75,NONE
300366678-76,NONE
300366678-77,開札日時:令和２年４月８日（水）１１時００分
300366678-79,開札場所:〒１０５―０００１
300366678-80,開札場所:東京都港区虎ノ門二丁目１０番１号虎ノ門ツインビルディング
300366678-81,開札場所:独立行政法人石油天然ガス・金属鉱物資源機構
300366678-82,NONE
300366678-83,NONE
300366678-84,NONE
300366678-85,NONE
300366678-86,NONE
300366678-87,NONE
300366678-88,NONE
300366678-89,NONE
300366678-90,NONE
300366678-91,NONE
300366678-92,NONE
300366678-93,NONE
300366678-94,NONE
300366678-95,NONE
300366678-96,NONE
300366678-97,NONE
300366678-98,NONE
300366678-99,NONE
300366678-100,NONE
300366678-101,NONE
300366678-102,NONE
300366678-103,NONE
300366678-104,NONE
300366678-105,NONE
300366678-106,NONE
300366678-107,NONE
300366678-108,NONE
300366678-109,NONE
300366678-110,NONE
300366678-111,NONE
300366678-112,NONE
300366678-113,NONE
300366678-114,NONE
300366678-115,NONE
300366678-116,NONE
300366678-117,NONE
300366678-118,NONE
300366678-119,NONE
300366678-120,NONE
300366678-121,NONE
300366678-122,NONE
300366678-123,NONE
300366678-124,NONE
300366678-125,NONE
300366678-126,NONE
300366678-127,NONE
300366678-128,NONE
300366678-129,NONE
300366678-130,NONE
300367262-1,NONE
300367262-2,NONE
300367262-3,公告日:令和２年５月１５日
300367262-4,NONE
300367262-5,NONE
300367262-6,NONE
300367262-7,NONE
300367262-8,入札件名:令和２年度海洋鉱物資源調査試料第１回室内分析
300367262-9,NONE
300367262-10,NONE
300367262-11,調達開始日:契約締結日 調達終了日:令和２年１２月１８日
300367262-12,NONE
300367262-13,NONE
300367262-14,NONE
300367262-15,NONE
300367262-16,NONE
300367262-17,NONE
300367262-18,NONE
300367262-19,NONE
300367262-20,NONE
300367262-21,NONE
300367262-22,NONE
300367262-23,NONE
300367262-24,NONE
300367262-25,NONE
300367262-26,NONE
300367262-27,NONE
300367262-28,NONE
300367262-29,NONE
300367262-30,NONE
300367262-33,NONE
300367262-34,NONE
300367262-35,NONE
300367262-36,NONE
300367262-39,NONE
300367262-40,NONE
300367262-41,NONE
300367262-42,NONE
300367262-43,資格申請締切日時:令和２年６月１日（月）１７時
300367262-44,NONE
300367262-45,NONE
300367262-46,NONE
300367262-47,NONE
300367262-48,NONE
300367262-49,NONE
300367262-50,NONE
300367262-51,質問箇所所属/担当者:〒105-0001 資格申請送付先:〒105-0001 入札書送付先:〒105-0001
300367262-52,質問箇所所属/担当者:東京都港区虎ノ門二丁目10番1号虎ノ門ツインビルディング西棟15F 資格申請送付先:東京都港区虎ノ門二丁目10番1号虎ノ門ツインビルディング西棟15F 入札書送付先:東京都港区虎ノ門二丁目10番1号虎ノ門ツインビルディング西棟15F
300367262-53,質問箇所所属/担当者:独立行政法人石油天然ガス・金属鉱物資源機構 資格申請送付先部署/担当者名:独立行政法人石油天然ガス・金属鉱物資源機構 入札書送付先部署/担当者名:独立行政法人石油天然ガス・金属鉱物資源機構
300367262-54,質問箇所所属/担当者:金属資源技術部海洋資源調査課門泰之、櫻井宏信、上條裕久 資格申請送付先部署/担当者名:金属資源技術部海洋資源調査課門泰之、櫻井宏信、上條裕久 入札書送付先部署/担当者名:金属資源技術部海洋資源調査課門泰之、櫻井宏信、上條裕久
300367262-55,NONE
300367262-56,NONE
300367262-57,NONE
300367262-58,NONE
300367262-59,NONE
300367262-60,NONE
300367262-61,NONE
300367262-62,NONE
300367262-63,NONE
300367262-64,NONE
300367262-65,NONE
300367262-66,NONE
300367262-68,NONE
300367262-69,NONE
300367262-70,NONE
300367262-71,質問票締切日時:令和２年６月１日（月）１７時
300367262-72,NONE
300367262-73,NONE
300367262-74,開札日時:令和２年６月５日（金）１４時００分
300367262-75,開札場所:３．（１）１５階ＡＢ会議室
300367262-76,NONE
300367262-77,NONE
300367262-78,NONE
300367262-79,NONE
300367262-80,NONE
300367262-81,NONE
300367262-82,NONE
300367262-83,NONE
300367262-84,NONE
300367262-85,NONE
300367262-86,NONE
300367262-87,NONE
300367262-88,NONE
300367262-89,NONE
300367262-90,NONE
300367262-91,NONE
300367262-92,NONE
300367262-93,NONE
300367262-94,NONE
300367262-95,NONE
300367262-96,NONE
300367262-97,NONE
300367262-98,NONE
300367262-99,NONE
300367262-100,NONE
300367262-101,NONE
300367262-102,NONE
300367262-103,NONE
300367262-104,NONE
300367262-105,NONE
300367262-106,NONE
300367262-107,NONE
300367262-108,NONE
300367262-109,NONE
300367262-110,NONE
300367262-111,NONE
300367262-112,NONE
300367262-113,NONE
300367262-114,NONE
300367262-115,NONE
300367262-116,NONE
300367262-117,NONE
300367262-118,NONE
300367262-119,NONE
300367262-120,NONE
300367262-121,NONE
300367262-122,NONE
300367262-123,NONE
300367262-124,NONE
300367262-125,NONE
